Station,Latitude,Longitude,Line,Mean Weekday Ridership 2013,Borough
1 Av,40.730953,-73.981628,L,23467,Manhattan
103 St,40.799446,-73.968379,1,13500,Manhattan
103 St,40.79,-73.947478,6,16189,Manhattan
103 St,40.796092,-73.961454,"B,C",4760,Manhattan
103 St-Corona Plaza,40.749865,-73.8627,7,19216,Queens
104 St,40.695178,-73.84433,"J,Z",2575,Queens
104 St,40.681711,-73.837683,A,1736,Queens
110 St,40.79502,-73.94425,6,12162,Manhattan
111 St,40.697418,-73.836345,J,2605,Queens
111 St,40.75173,-73.855334,7,10914,Queens
111 St,40.684331,-73.832163,A,2718,Queens
116 St,40.798629,-73.941617,6,16675,Manhattan
116 St,40.805085,-73.954882,"B,C",6594,Manhattan
116 St,40.802098,-73.949625,"2,3",11508,Manhattan
116 St-Columbia University,40.807722,-73.96411,1,16363,Manhattan
121 St,40.700492,-73.828294,"J,Z",2222,Queens
125 St,40.811109,-73.952343,"A,B,C,D",27395,Manhattan
125 St,40.804138,-73.937594,"4,5,6",29425,Manhattan
125 St,40.807754,-73.945495,"2,3",15351,Manhattan
125 St,40.815581,-73.958372,1,7995,Manhattan
135 St,40.814229,-73.94077,"2,3",14690,Manhattan
135 St,40.807754,-73.945495,"2,3",14690,Manhattan
135 St,40.817894,-73.947649,"B,C",5592,Manhattan
137 St-City College,40.822008,-73.953676,1,14947,Manhattan
138 St-Grand Concourse,40.813224,-73.929849,"4,5",3222,Bronx
14 St/6 Av,40.737335,-73.996786,"F,M,L,1,2,3",49316,Manhattan
14 St/6 Av,40.738228,-73.996209,"F,M,L,1,2,3",49316,Manhattan
14 St/6 Av,40.737826,-74.000201,"F,M,L,1,2,3",49316,Manhattan
14 St/8 Av,40.739777,-74.002578,"A,C,E,L",108158,Manhattan
14 St/8 Av,40.740893,-74.00169,"A,C,E,L",108158,Manhattan
14 St-Union Sq,40.754672,-73.986754,"L,N,Q,R,4,5,6",42718,Manhattan
14 St-Union Sq,40.734673,-73.989951,"L,N,Q,R,4,5,6",42718,Manhattan
145 St,40.824783,-73.944216,"A,B,C,D",22879,Manhattan
145 St,40.820421,-73.936245,3,3426,Manhattan
145 St,40.826551,-73.95036,1,9931,Manhattan
149 St-Grand Concourse,40.818375,-73.927351,"2,4,5",14380,Bronx
15 St-Prospect Park,40.660365,-73.979493,"F,G",6448,Brooklyn
155 St,40.830518,-73.941514,C,2529,Manhattan
155 St,40.830135,-73.938209,"B,D",3948,Manhattan
157 St,40.834041,-73.94489,1,10677,Manhattan
161 St-Yankee Stadium,40.827905,-73.925651,"B,D,4",26972,Bronx
163 St - Amsterdam Av,40.836013,-73.939892,C,4080,Manhattan
167 St,40.833769,-73.918432,"B,D",9374,Bronx
167 St,40.835537,-73.9214,4,9904,Bronx
168 St,40.840556,-73.940133,"A,C,1",25041,Manhattan
169 St,40.71047,-73.793604,F,9042,Queens
170 St,40.839306,-73.9134,"B,D",6563,Bronx
170 St,40.840075,-73.917791,4,9525,Bronx
174 St,40.837288,-73.887734,"2,5",7339,Bronx
174-175 Sts,40.85,-73.910136,"B,D",4885,Bronx
175 St,40.847391,-73.939704,A,13309,Manhattan
176 St,40.84848,-73.911794,4,5905,Bronx
18 Av,40.607954,-74.001736,D,6162,Brooklyn
18 Av,40.629755,-73.976971,F,4204,Brooklyn
18 Av,40.620671,-73.990414,N,5092,Brooklyn
18 St,40.74104,-73.997871,1,8505,Manhattan
181 St,40.851695,-73.937969,A,10404,Manhattan
181 St,40.849505,-73.933596,1,11228,Manhattan
182-183 Sts,40.856093,-73.900741,"B,D",4554,Bronx
183 St,40.858407,-73.903879,4,6360,Bronx
190 St,40.859022,-73.93418,A,4546,Manhattan
191 St,40.855225,-73.929412,1,8258,Manhattan
2 Av,40.723402,-73.989938,F,17801,Manhattan
20 Av,40.61741,-73.985026,N,4190,Brooklyn
20 Av,40.604556,-73.998168,D,4859,Brooklyn
207 St,40.864614,-73.918819,1,6098,Manhattan
21 St,40.744065,-73.949724,G,1309,Queens
21 St-Queensbridge,40.754203,-73.942836,F,8761,Queens
215 St,40.869444,-73.915279,1,2078,Manhattan
219 St,40.883895,-73.862633,"2,5",3483,Bronx
225 St,40.888022,-73.860341,"2,5",4479,Bronx
23 St,40.741303,-73.989344,"N,R",22760,Manhattan
23 St,40.744081,-73.995657,1,15283,Manhattan
23 St,40.739864,-73.986599,6,31777,Manhattan
23 St,40.745906,-73.998041,"C,E",24782,Manhattan
23 St,40.742878,-73.992821,"F,M",28749,Manhattan
231 St,40.878856,-73.904834,1,8951,Bronx
233 St,40.893193,-73.857473,"2,5",5473,Bronx
238 St,40.884667,-73.90087,1,3598,Bronx
25 Av,40.597704,-73.986829,D,4607,Brooklyn
25 St,40.660397,-73.998091,R,3821,Brooklyn
28 St,40.745494,-73.988691,"N,R",11607,Manhattan
28 St,40.74307,-73.984264,6,23696,Manhattan
28 St,40.747215,-73.993365,1,15149,Manhattan
3 Av,40.732849,-73.986122,L,6803,Manhattan
3 Av-138 St,40.810476,-73.926138,6,7667,Bronx
3 Av-138 St,40.87975,-73.884655,6,7667,Bronx
3 Av-149 St,40.816109,-73.917757,"2,5",24001,Bronx
30 Av,40.766779,-73.921479,"N,Q",14802,Queens
33 St,40.746081,-73.982076,6,32783,Manhattan
33 St-Rawson St,40.744587,-73.930997,7,14246,Queens
34 St-Harold Square,40.749567,-73.98795,"B,D,F,M,N,Q,R",122517,Manhattan
34 St-Penn Station,40.752287,-73.993391,"A,C,E",83717,Manhattan
34 St-Penn Station,40.750373,-73.991057,"1,2,3",90042,Manhattan
36 Av,40.756804,-73.929575,"N,Q",7688,Queens
36 St,40.655144,-74.003549,"D,N,R",12059,Brooklyn
36 St,40.752039,-73.928781,"M,R",4540,Queens
39 Av,40.752882,-73.932755,"N,Q",3262,Queens
4 Av 9 St,40.670847,-73.988302,"F,G,R",13156,Brooklyn
4 Av 9 St,40.670272,-73.989779,"F,G,R",13156,Brooklyn
40 St-Lowery St,40.743781,-73.924016,7,11100,Queens
42 St-Bryant Pk/5 Av,40.753821,-73.981963,"B,D,F,M,7",53222,Manhattan
42 St-Bryant Pk/5 Av,40.754222,-73.984569,"B,D,F,M,7",53222,Manhattan
45 St,40.648939,-74.010006,R,6978,Brooklyn
46 St,40.756312,-73.913333,"M,R",14656,Queens
46 St-Bliss St,40.743132,-73.918435,7,9529,Queens
47-50 Sts Rockefeller Center,40.758663,-73.981329,"B,D,F,M",61099,Manhattan
49 St,40.759901,-73.984139,"N,Q,R",25356,Manhattan
5 Av-53 St,40.760167,-73.975224,"E,M",25939,Manhattan
5 Av-59 St,40.764811,-73.973347,"N,Q,R",18394,Manhattan
50 St,40.761728,-73.983849,1,26192,Manhattan
50 St,40.762456,-73.985984,"C,E",19406,Manhattan
50 St,40.63626,-73.994791,D,3308,Brooklyn
52 St,40.744149,-73.912549,7,6830,Queens
53 St,40.645069,-74.014034,R,7479,Brooklyn
55 St,40.631435,-73.995476,D,1964,Brooklyn
57 St,40.763972,-73.97745,F,28159,Manhattan
57 St-7 Av,40.764664,-73.980658,"N,Q,R",15363,Manhattan
59 St,40.641362,-74.017881,"N,R",12506,Brooklyn
59 St-Columbus Circle,40.768247,-73.981929,"A,B,C,D,1",72236,Manhattan
63 Dr-Rego Park,40.729846,-73.861604,"M,R",16334,Queens
65 St,40.749669,-73.898453,"M,R",3532,Queens
66 St-Lincoln Center,40.77344,-73.982209,1,23651,Manhattan
67 Av,40.726523,-73.852719,"M,R",9475,Queens
68 St-Hunter College,40.768141,-73.96387,6,36562,Manhattan
69 St,40.746325,-73.896403,7,5085,Queens
7 Av,40.666271,-73.980305,"F,G",9389,Brooklyn
7 Av,40.762862,-73.981637,"B,D,E",15800,Manhattan
7 Av,40.67705,-73.972367,"B,Q",12268,Brooklyn
71 St,40.619589,-73.998864,D,4538,Brooklyn
72nd St,40.778453,-73.98197,"1,2,3",40853,Manhattan
72nd St,40.775594,-73.97641,"B,C",9067,Manhattan
74-Bway/Jackson Hts-Roosevelt Av,40.746644,-73.891338,"E,F,M,R,7",50841,Queens
74-Bway/Jackson Hts-Roosevelt Av,40.746848,-73.891394,"E,F,M,R,7",50841,Queens
75 Av,40.718331,-73.837324,"E,F",3763,Queens
75 St-Elderts Ln,40.691324,-73.867139,"J,Z",3759,Queens
77 St,40.77362,-73.959874,6,37182,Manhattan
77 St,40.629742,-74.02551,R,5353,Brooklyn
79 St,40.783934,-73.979917,1,16576,Manhattan
79 St,40.613501,-74.00061,D,6293,Brooklyn
8 Av,40.635064,-74.011719,N,10873,Brooklyn
8 St-New York University,40.730328,-73.992629,"N,R",16597,Manhattan
80 St,40.679371,-73.858992,A,4291,Queens
81 St-Museum of Natural History,40.781433,-73.972143,"B,C",13663,Manhattan
82 St-Jackson Hts,40.747659,-73.883697,7,15662,Queens
85 St-Forest Pkwy,40.692435,-73.86001,J,3792,Queens
86 St,40.779492,-73.955589,"4,5,6",64741,Manhattan
86 St,40.785868,-73.968916,"B,C",11236,Manhattan
86 St,40.788644,-73.976218,1,19766,Manhattan
86 St,40.622687,-74.028398,R,11648,Brooklyn
86 St,40.592721,-73.97823,N,2515,Brooklyn
88 St,40.679843,-73.85147,A,2719,Queens
9 Ave,40.646292,-73.994324,D,5857,Brooklyn
90 St-Elmhurst Av,40.748408,-73.876613,7,16743,Queens
96 St,40.793919,-73.972323,"1,2,3",38711,Manhattan
96 St,40.791646,-73.964699,"B,C",9815,Manhattan
96 St,40.785672,-73.95107,6,26232,Manhattan
Alabama Av,40.676992,-73.898654,J,2443,Brooklyn
Allerton Av,40.865462,-73.867352,"2,5",5526,Bronx
Aqueduct Racetrack,40.672131,-73.835812,A,551,Queens
Aqueduct-North Conduit Av,40.668234,-73.834058,A,1951,Queens
Astor Place,40.730054,-73.99107,6,17914,Manhattan
Astoria Blvd,40.770258,-73.917843,"N,Q",12210,Queens
Astoria-Ditmars Blvd,40.775036,-73.912034,"N,Q",17039,Queens
Atlantic Av,40.675345,-73.903097,L,1580,Brooklyn
Atlantic Av-Barclays Ctr,40.684359,-73.977666,"B,D,N,Q,R,2,3,4,5",39871,Brooklyn
Avenue H,40.62927,-73.961639,Q,2861,Brooklyn
Avenue I,40.625322,-73.976127,F,2283,Brooklyn
Avenue J,40.625039,-73.960803,Q,6036,Brooklyn
Avenue M,40.617618,-73.959399,Q,5836,Brooklyn
Avenue N,40.61514,-73.974197,F,3411,Brooklyn
Avenue P,40.608944,-73.973022,F,2757,Brooklyn
Avenue U,40.6,-73.955929,Q,6821,Brooklyn
Avenue U,40.596063,-73.973357,F,2296,Brooklyn
Avenue U,40.597473,-73.979137,N,3738,Brooklyn
Avenue U,40.5993,-73.955929,Q,6821,Brooklyn
Avenue X,40.58962,-73.97425,F,2972,Brooklyn
Bay 50th St,40.588841,-73.983765,D,2793,Brooklyn
Bay Pkwy,40.620769,-73.975264,F,1575,Brooklyn
Bay Pkwy,40.611815,-73.981848,N,6990,Brooklyn
Bay Pkwy,40.601875,-73.993728,D,7111,Brooklyn
Bay Ridge Av,40.634967,-74.023377,R,8079,Brooklyn
Bay Ridge-95 St,40.616622,-74.030876,R,5974,Brooklyn
Baychester Av,40.878663,-73.838591,5,4177,Bronx
Beach 105 St,40.583209,-73.827559,A,141,Queens
Beach 25 St,40.600066,-73.761353,A,904,Queens
Beach 36 St,40.595398,-73.768175,A,466,Queens
Beach 44 St,40.592943,-73.776013,A,297,Queens
Beach 60 St,40.592374,-73.788522,A,1317,Queens
Beach 67 St,40.590927,-73.796924,A,1118,Queens
Beach 90 St,40.588034,-73.813641,A,463,Queens
Beach 90 St,40.751776,-73.976848,A,463,Queens
Beach 98 St,40.585307,-73.820558,A,292,Queens
Bedford Av,40.717304,-73.956872,L,25755,Brooklyn
Bedford Park Blvd,40.873244,-73.887138,"B,D",6303,Bronx
Bedford Park Blvd-Lehman College,40.873412,-73.890064,4,6201,Bronx
Bedford-Nostrand Avs,40.689627,-73.953522,G,7300,Brooklyn
Bergen St,40.680829,-73.975098,"2,3",4070,Brooklyn
Bergen St,40.686145,-73.990862,"F,G",11562,Brooklyn
Beverley Rd,40.644031,-73.964492,Q,2340,Brooklyn
Beverley Rd,40.645098,-73.948959,"2,5",4375,Brooklyn
Bowery,40.72028,-73.993915,"J,Z",2743,Manhattan
Bowling Green,40.704817,-74.014065,"4,5",30640,Manhattan
Briarwood-Van Wyck Blvd,40.709179,-73.820574,F,4664,Queens
Brighton Beach,40.577621,-73.961376,"B,Q",12185,Brooklyn
Broad Channel,40.608382,-73.815925,"A,S",127,Queens
Broad St,40.706476,-74.011056,"J,Z",5635,Manhattan
Broadway,40.76182,-73.925508,"N,Q",13280,Queens
Broadway,40.706092,-73.950308,G,3368,Brooklyn
Broadway Junction,40.678334,-73.905316,"A,C,J,Z,L",8863,Brooklyn
Broadway-Lafayette St/Bleecker St,40.725915,-73.994659,"B,D,F,M,6",38799,Manhattan
Broadway-Lafayette St/Bleecker St,40.725297,-73.996204,"B,D,F,M,6",38799,Manhattan
Bronx Park East,40.848828,-73.868457,"2,5",2959,Bronx
Brook Av,40.807566,-73.91924,6,6186,Bronx
Brooklyn Bridge-City Hall/Chambers St,40.713065,-74.004131,"J,Z,4,5,6",36680,Manhattan
Brooklyn Bridge-City Hall/Chambers St,40.713243,-74.003401,"J,Z,4,5,6",36680,Manhattan
Buhre Av,40.84681,-73.832569,6,3718,Bronx
Burke Av,40.871356,-73.867164,"2,5",3612,Bronx
Burnside Ave,40.853453,-73.907684,4,11560,Bronx
Bushwick Av-Aberdeen St,40.682829,-73.905249,L,1509,Brooklyn
Canal St,40.718803,-74.000193,"J,N,Q,R,Z,6",44696,Manhattan
Canal St,40.719527,-74.001775,"J,N,Q,R,Z,6",44696,Manhattan
Canal St,40.720824,-74.005229,"A,C,E",19738,Manhattan
Canal St,40.722854,-74.006277,1,6039,Manhattan
Canarsie-Rockaway Pkwy,40.646654,-73.90185,L,13254,Brooklyn
Carroll St,40.680303,-73.995048,"F,G",12339,Brooklyn
Castle Hill Av,40.834255,-73.851222,6,5632,Bronx
Cathedral Pkwy-110 St,40.800605,-73.958158,"B,C",7117,Manhattan
Cathedral Pkwy-110 St,40.803967,-73.966847,1,13874,Manhattan
Central Park North-110 St,40.799075,-73.951822,"2,3",9130,Manhattan
Chambers St,40.715478,-74.009266,"1,2,3",23147,Manhattan
Chambers St/WTC/Park Place,40.714111,-74.008585,"A,C,E,2,3",53426,Manhattan
Chambers St/WTC/Park Place,40.713051,-74.008811,"A,C,E,2,3",53426,Manhattan
Chambers St/WTC/Park Place,40.712582,-74.009781,"A,C,E,2,3",53426,Manhattan
Chauncey St,40.682893,-73.910456,"J,Z",2967,Brooklyn
Christopher St-Sheridan Sq,40.733422,-74.002906,1,10076,Manhattan
Church Av,40.650527,-73.962982,"B,Q",17638,Brooklyn
Church Av,40.644041,-73.979678,"F,G",9984,Brooklyn
Church Av,40.650843,-73.949575,"2,5",9794,Brooklyn
City Hall,40.713282,-74.006978,R,5666,Manhattan
Clark St,40.697466,-73.993086,"2,3",5971,Brooklyn
Classon Av,40.688873,-73.96007,G,4490,Brooklyn
Cleveland St,40.679947,-73.884639,J,3328,Brooklyn
Clinton-Washington Avs,40.683263,-73.965838,C,6642,Brooklyn
Clinton-Washington Avs,40.688089,-73.966839,G,5294,Brooklyn
Coney Island-Stillwell Av,40.577422,-73.981233,"D,F,N,Q",13177,Brooklyn
Cortelyou Rd,40.640927,-73.963891,"B,Q",5318,Brooklyn
Cortlandt St,40.710668,-74.011029,R,5497,Manhattan
Court Sq,40.747023,-73.945264,"E,G,M,7",20446,Queens
Court Sq,40.746554,-73.943832,"E,G,M,7",20446,Queens
Court Sq,40.747846,-73.946,"E,G,M,7",20446,Queens
Court St Borough Hall,40.6941,-73.991777,"R,2,3,4,5",38428,Brooklyn
Court St Borough Hall,40.693219,-73.989998,"R,2,3,4,5",38428,Brooklyn
Crescent St,40.683194,-73.873785,"J,Z",4683,Brooklyn
Crown Heights-Utica Av,40.668897,-73.932942,"3,4",27780,Brooklyn
Cypress Av,40.805368,-73.914042,6,3842,Bronx
Cypress Hills,40.689941,-73.87255,J,1431,Brooklyn
DeKalb Av,40.703811,-73.918425,L,11617,Brooklyn
DeKalb Av,40.690635,-73.981824,"B,Q,R",17318,Brooklyn
Delancey St/Essex St,40.718315,-73.987437,"F,J,M,Z",23691,Manhattan
Delancey St/Essex St,40.718611,-73.988114,"F,J,M,Z",23691,Manhattan
Ditmas Av,40.636119,-73.978172,F,4676,Brooklyn
Dyckman St,40.860531,-73.925536,1,6564,Manhattan
Dyckman St,40.865491,-73.927271,A,6557,Manhattan
East 105 St,40.650573,-73.899485,L,3818,Brooklyn
East 143 St-St Mary's St,40.808719,-73.907657,6,911,Bronx
East 149 St,40.812118,-73.904098,6,4580,Bronx
East 180 St,40.841894,-73.873488,"2,5",7003,Bronx
East Broadway,40.713715,-73.990173,F,13276,Manhattan
Eastchester-Dyre Av,40.89,-73.830834,5,4948,Bronx
Eastern Pkwy-Brooklyn Museum,40.671987,-73.964375,"2,3",4938,Brooklyn
Elder Av,40.828584,-73.879159,6,6377,Bronx
Elmhurst Av,40.742454,-73.882017,"M,R",13597,Queens
Euclid Av,40.675377,-73.872106,"A,C",10418,Brooklyn
Far Rockaway-Mott Av,40.603995,-73.755405,A,2651,Queens
Flatbush Av-Brooklyn College,40.632836,-73.947642,"2,5",21941,Brooklyn
Flushing Av,40.700377,-73.950234,G,2373,Brooklyn
Flushing Av,40.70026,-73.941126,"J,M",9165,Brooklyn
Flushing-Main St,40.7596,-73.83003,7,60190,Queens
Fordham Rd,40.861296,-73.897749,"B,D",11878,Bronx
Fordham Rd,40.862803,-73.901034,4,12558,Bronx
Forest Av,40.704423,-73.903077,M,4103,Queens
Forest Hills-71st Av,40.721691,-73.844521,"E,F,M,R",27728,Queens
Fort Hamilton Pkwy,40.640914,-73.994304,D,3984,Brooklyn
Fort Hamilton Pkwy,40.650782,-73.975776,"F,G",5531,Brooklyn
Fort Hamilton Pkwy,40.631386,-74.005351,N,7034,Brooklyn
Franklin Av,40.68138,-73.956848,"C,S",6227,Brooklyn
Franklin Ave/Botanic Gardens,40.670682,-73.958131,"S,2,3,4,5",15775,Brooklyn
Franklin St,40.719318,-74.006886,1,5825,Manhattan
Freeman St,40.829993,-73.891865,"2,5",4762,Bronx
Fresh Pond Rd,40.706186,-73.895877,M,5333,Queens
Fulton St,40.687119,-73.975375,G,4266,Brooklyn
Fulton St,40.710374,-74.007582,"A,C,J,Z,2,3,4,5",64461,Manhattan
Fulton St,40.709416,-74.006571,"A,C,J,Z,2,3,4,5",64461,Manhattan
Fulton St,40.710368,-74.009509,"A,C,J,Z,2,3,4,5",64461,Manhattan
Gates Av,40.68963,-73.92227,"J,Z",5999,Brooklyn
Graham Av,40.714565,-73.944053,L,10136,Brooklyn
Grand Army Plaza,40.675235,-73.971046,"2,3",8066,Brooklyn
Grand Av-Newtown,40.737015,-73.877223,"M,R",18298,Queens
Grand Central-42 St,40.751776,-73.976848,"S,4,5,6,7",153861,Manhattan
Grand St,40.718267,-73.993753,"B,D",23770,Manhattan
Grand St,40.711926,-73.94067,L,7444,Brooklyn
Grant Av,40.677044,-73.86505,A,6270,Brooklyn
Greenpoint Av,40.731352,-73.954449,G,8461,Brooklyn
Gun Hill Rd,40.87785,-73.866256,"2,5",7339,Bronx
Gun Hill Rd,40.869526,-73.846384,5,6002,Bronx
Halsey St,40.695602,-73.904084,L,5805,Brooklyn
Halsey St,40.68637,-73.916559,J,7308,Brooklyn
"Hamilton Station, NJ.",40.268169,-74.779332,NA,NA,NA
Harlem-148 St,40.82388,-73.93647,3,3790,Manhattan
Hewes St,40.70687,-73.953431,"J,M",2859,Brooklyn
High St,40.699337,-73.990531,"A,C",7543,Brooklyn
Houston St,40.728251,-74.005367,1,15736,Manhattan
Howard Beach-JFK Airport,40.660476,-73.830301,A,4972,Queens
Hoyt St,40.690545,-73.985065,"2,3",6657,Brooklyn
Hoyt-Schermerhorn Sts,40.688484,-73.985001,"A,C,G",9604,Brooklyn
Hunters Point,40.742216,-73.948916,7,6400,Queens
Hunts Point Av,40.820948,-73.890549,6,10144,Bronx
Intervale Av,40.822181,-73.896736,"2,5",3420,Bronx
Inwood-207 St,40.868072,-73.919899,A,8866,Manhattan
Jackson Av,40.81649,-73.907807,"2,5",5432,Bronx
Jamaica Center-Parsons-Archer,40.702147,-73.801109,"E,J,Z",41686,Queens
Jamaica-179 St,40.712646,-73.783817,F,23280,Queens
Jamaica-Van Wyck,40.702566,-73.816859,E,4992,Queens
Jay St-MetroTech,40.692338,-73.987342,"A,C,F,R",40183,Brooklyn
Jefferson St,40.706607,-73.922913,L,6612,Brooklyn
Junction Blvd,40.749145,-73.869527,7,20818,Queens
Junius St,40.663515,-73.902447,3,2206,Brooklyn
Kew Gardens-Union Turnpike,40.714441,-73.831008,"E,F",28289,Queens
Kings Hwy,40.603217,-73.972361,F,3655,Brooklyn
Kings Hwy,40.603923,-73.980353,N,5154,Brooklyn
Kingsbridge Av,40.866978,-73.893509,"B,D",7422,Bronx
Kingsbridge Av,40.86776,-73.897174,4,10431,Bronx
Kingston Av,40.669399,-73.942161,3,4949,Brooklyn
Kingston-Throop Avs,40.679921,-73.940858,"A,C",5678,Brooklyn
Knickerbocker Av,40.698664,-73.919711,M,3429,Brooklyn
Kosciuszko St,40.693342,-73.928814,J,4751,Brooklyn
Lafayette Av,40.686113,-73.973946,C,4825,Brooklyn
Lexington Av/59 St,40.762526,-73.967967,"N,Q,R,4,5,6",15404,Manhattan
Lexington Av-53 St/51 St,40.757107,-73.97192,"E,M,6",67841,Manhattan
Lexington Av-53 St/51 St,40.757552,-73.969055,"E,M,6",67841,Manhattan
Lexington Av-63 St,40.764627,-73.96611,F,69973,Manhattan
Liberty Av,40.674542,-73.896548,C,2658,Brooklyn
Livonia Av,40.664038,-73.900571,L,2959,Brooklyn
Longwood Av,40.816104,-73.896435,6,3494,Bronx
Lorimer St,40.703869,-73.947408,"J,M",4796,Brooklyn
Lorimer St/Metropolitan Av,40.712792,-73.951418,"L,G",14004,Brooklyn
Lorimer St/Metropolitan Av,40.714063,-73.950275,"L,G",14004,Brooklyn
Marble Hill-225 St,40.874561,-73.909831,1,5456,Manhattan
Marcy Av,40.708359,-73.957757,"J,M,Z",11775,Brooklyn
Mets-Willets Point,40.754622,-73.845625,7,4675,Queens
Middle Village-Metropolitan Av,40.711396,-73.889601,M,4092,Queens
Middletown,40.843863,-73.836322,6,1514,Bronx
Montrose Av,40.707739,-73.93985,L,6731,Brooklyn
Morgan Av,40.706152,-73.933147,L,7126,Brooklyn
Morris Park,40.854364,-73.860495,5,2210,Bronx
Morrison Av-Soundview Av,40.829521,-73.874516,6,6588,Bronx
Mosholu Parkway,40.87975,-73.884655,4,9588,Bronx
Mt Eden Ave,40.844434,-73.914685,4,5995,Bronx
Myrtle Av,40.697207,-73.935657,"J,M,Z",10876,Brooklyn
Myrtle-Willoughby Avs,40.694568,-73.949046,G,4916,Brooklyn
Myrtle-Wyckoff Avs,40.699814,-73.911586,"L,M",18167,Brooklyn
Nassau Av,40.724635,-73.951277,G,8435,Brooklyn
Neck Rd,40.595246,-73.955161,"B,Q",3941,Brooklyn
Neptune Av,40.581011,-73.974574,F,1749,Brooklyn
Nereid Av,40.898379,-73.854376,"2,5",3878,Bronx
Nevins St,40.688246,-73.980492,"2,3,4,5",11468,Brooklyn
New Lots Av,40.658733,-73.899232,L,4785,Brooklyn
New Lots Av,40.666235,-73.884079,3,6349,Brooklyn
New Utrecht/62 St,40.624842,-73.996353,"D,N",5159,Brooklyn
New Utrecht/62 St,40.626472,-73.996895,"D,N",5159,Brooklyn
Newkirk Av,40.639967,-73.948411,"2,5",7757,Brooklyn
Newkirk Plaza,40.635082,-73.962793,"B,Q",10788,Brooklyn
Northern Blvd,40.752885,-73.906006,"M,R",7235,Queens
Norwood Av,40.68141,-73.880039,"J,Z",3492,Brooklyn
Norwood-205 St,40.874811,-73.878855,D,8043,Bronx
Nostrand Av,40.669847,-73.950466,3,4151,Brooklyn
Nostrand Av,40.680438,-73.950426,"A,C",16843,Brooklyn
Ocean Pkwy,40.576312,-73.968501,Q,3141,Brooklyn
Ozone Park-Lefferts Blvd,40.685951,-73.825798,A,7476,Queens
Park Pl,40.674772,-73.957624,S,2077,Brooklyn
Parkchester,40.833226,-73.860816,6,16614,Bronx
Parkside Av,40.655292,-73.961495,"B,Q",4240,Brooklyn
Parsons Blvd,40.707564,-73.803326,F,6463,Queens
Pelham Bay Park,40.852462,-73.828121,6,6772,Bronx
Pelham Pkwy,40.857192,-73.867615,"2,5",9614,Bronx
Pelham Pkwy,40.858985,-73.855359,5,3254,Bronx
Pennsylvania Av,40.664635,-73.894895,3,5675,Brooklyn
President St,40.667883,-73.950683,"2,5",3969,Brooklyn
Prince St,40.724329,-73.997702,"N,R",15261,Manhattan
Prospect Av,40.819585,-73.90177,"2,5",7424,Bronx
Prospect Av,40.665414,-73.992872,R,5934,Brooklyn
Prospect Av,40.661614,-73.962246,"B,Q,S",9761,Brooklyn
Queens Plaza,40.748973,-73.937243,"E,M,R",9696,Queens
Queensboro Plaza,40.750582,-73.940202,"N,Q,7",11132,Queens
Ralph Av,40.678822,-73.920786,C,5381,Brooklyn
Rector St,40.70722,-74.013342,R,5362,Manhattan
Rector St,40.707513,-74.013783,1,11323,Manhattan
Rockaway Av,40.67834,-73.911946,C,5632,Brooklyn
Rockaway Av,40.662549,-73.908946,3,5137,Brooklyn
Rockaway Blvd,40.680429,-73.843853,A,8662,Queens
Rockaway Park-Beach 116,40.580903,-73.835592,"A,S",379,Queens
Roosevelt Island,40.759145,-73.95326,F,6321,Manhattan
Saratoga Av,40.661453,-73.916327,3,5807,Brooklyn
Seneca Av,40.702762,-73.90774,M,2428,Queens
Sheepshead Bay,40.586896,-73.954155,"B,Q",14010,Brooklyn
Shepherd Av,40.67413,-73.88075,C,3149,Brooklyn
Simpson St,40.824073,-73.893064,"2,5",9672,Bronx
Smith-9th Sts,40.67358,-73.995959,"F,G",2854,Brooklyn
South Ferry/Whitehall St,40.703087,-74.012994,"R,1",20405,Manhattan
South Ferry/Whitehall St,40.702068,-74.013664,"R,1",20405,Manhattan
Spring St,40.722301,-73.997141,6,12257,Manhattan
Spring St,40.726227,-74.003739,"C,E",13136,Manhattan
St George Ferry Terminal,40.642979,-74.073196,NA,NA,Staten Island
St Lawrence Av,40.831509,-73.867618,6,3995,Bronx
Steinway St,40.756879,-73.92074,"M,R",14769,Queens
Sterling St,40.662742,-73.95085,"2,5",5915,Brooklyn
Sutphin Blvd,40.70546,-73.810708,F,23012,Queens
Sutphin Blvd-Archer Av - JFK,40.700486,-73.807969,"E,J,Z",4932,Queens
Sutter Av,40.669367,-73.901975,L,4555,Brooklyn
Sutter Av-Rutland Rd,40.664717,-73.92261,3,7831,Brooklyn
Times Sq-42 St/42 St,40.754672,-73.986754,"A,C,E,N,Q,R,S,1,2,3,7",197696,Manhattan
Times Sq-42 St/42 St,40.757308,-73.989735,"A,C,E,N,Q,R,S,1,2,3,7",197696,Manhattan
Tottenville,40.525,-74.25,NA,NA,Staten Island
Tremont Av,40.85041,-73.905227,"B,D",9157,Bronx
Union St,40.677316,-73.98311,R,6528,Brooklyn
Utica Av,40.679364,-73.930729,"A,C",14673,Brooklyn
Van Cortlandt Park-242 St,40.889248,-73.898583,1,6943,Bronx
Van Siclen Av,40.67271,-73.890358,C,2974,Brooklyn
Van Siclen Av,40.665449,-73.889395,3,3431,Brooklyn
Van Siclen Av,40.678024,-73.891688,"J,Z",2883,Brooklyn
Vernon Blvd-Jackson Av,40.742626,-73.953581,7,12610,Queens
Wakefield-241st St,40.903125,-73.85062,2,4825,Bronx
Wall St,40.707557,-74.011862,"4,5",25078,Manhattan
Wall St,40.706821,-74.0091,"2,3",26706,Manhattan
West 4 St-Washington Sq,40.732338,-74.000495,"A,B,C,D,E,F,M",40798,Manhattan
West 8 St-New York Aquarium,40.576127,-73.975939,"F,Q",2069,Brooklyn
West Farms Sq-East Tremont Av,40.840295,-73.880049,"2,5",7979,Bronx
Westchester Sq-East Tremont Av,40.839892,-73.842952,6,6820,Bronx
Whitlock Av,40.826525,-73.886283,6,1685,Bronx
Wilson Av,40.688764,-73.904046,L,3865,Brooklyn
Winthrop St,40.656652,-73.9502,"2,5",7639,Brooklyn
Woodhaven Blvd,40.693879,-73.851576,"J,Z",4576,Queens
Woodhaven Blvd,40.733106,-73.869229,"M,R",22276,Queens
Woodlawn,40.886037,-73.878751,4,7776,Bronx
Woodside Av-61 St,40.74563,-73.902984,7,16559,Queens
York St,40.699743,-73.986885,F,8629,Brooklyn
Zerega Av,40.836488,-73.847036,6,3253,Bronx